horizon,model,accuracy,balanced_accuracy,precision,recall,f1,roc_auc,tn,fp,fn,tp,mae,rmse,r2,spearman_ic,pred_return_mean,pred_return_std,strategy_total_return,strategy_cagr,strategy_ann_vol,strategy_sharpe,strategy_sortino,strategy_max_drawdown,strategy_calmar,strategy_win_rate_daily,strategy_profit_factor,strategy_exposure,strategy_turnover,strategy_beta_to_buy_hold,strategy_alpha_annualized,strategy_information_ratio,buy_hold_total_return,buy_hold_sharpe,rank_score
5,SVC,0.5540983606557377,0.5217381709039548,0.5953488372093023,0.7231638418079096,0.6530612244897959,0.5211717278719398,123,261,147,384,0.021425070091321313,0.028945687565072497,-0.057559447311039014,0.03609161239694474,0.004862699766764286,0.007403421555662058,0.5794646635703316,0.1326839998745577,0.1439316897286209,0.946990430848849,0.060933068997777694,-0.16626685615711911,0.7980183359524989,0.4,1.2295775059473806,0.7049180327868853,0.23497267759562843,0.5536258936274016,0.08022069417660949,0.2708731119792748,0.34903593692112045,0.5234249215174105,0.8
5,HMM Regime,0.546448087431694,0.5356932674199624,0.6106870229007634,0.6026365348399246,0.6066350710900474,0.5320224223163842,180,204,211,320,0.021402754892687295,0.028991328311947586,-0.06089713667076313,0.04785058793582302,0.002551348365904971,0.008736775418928883,0.8484825965802434,0.18229839180088492,0.11620873379896463,1.514779742248166,0.08602479729293555,-0.09429888901556172,1.9331976622842402,0.33989071038251367,1.431257278383099,0.5726775956284152,0.048087431693989074,0.36196063304099646,0.13936471956433752,0.48396583841214025,0.34903593692112045,0.5234249215174105,0.775
5,MACD 12-26-9,0.5234972677595628,0.518442502354049,0.5971370143149284,0.5499058380414312,0.5725490196078431,0.5184425023540489,187,197,239,292,0.02104814138364453,0.028239081801984887,-0.006556579306523869,0.02544871830488099,0.0016885162249996538,0.004370934245330083,0.42741903608325105,0.10186100383743746,0.11474683935012003,0.9119070232840213,0.04918815286806464,-0.17791181053636862,0.572536491705339,0.307103825136612,1.2521811567100951,0.5344262295081967,0.06994535519125683,0.3515876795299508,0.06902329268529503,0.021435553791756927,0.34903593692112045,0.5234249215174105,0.7
5,Random Forest,0.5497267759562842,0.5172507650659134,0.5922480620155038,0.71939736346516,0.6496598639455783,0.5252569836785939,121,263,149,382,0.0212032520947866,0.028455188531208354,-0.022021386490397754,0.012597071629949275,0.0012292858213061634,0.00571135682997632,0.39935095251297614,0.0959125530633631,0.1538643711443598,0.6788939003780732,0.04042464377295649,-0.18659291781863274,0.5140203293063329,0.4,1.1678668260053013,0.7049180327868853,0.19781420765027322,0.6321302446679503,0.0404240045253891,0.026918195060708448,0.34903593692112045,0.5234249215174105,0.625
5,CatBoost,0.5530054644808743,0.5146686676082862,0.5899705014749262,0.7532956685499058,0.6617038875103392,0.5004904268675455,106,278,131,400,0.021451829121111533,0.028720924985744672,-0.041199364516848025,-0.010692103004574209,0.0014547018800167054,0.00626728040862828,0.46575036682320614,0.10984861824624281,0.1587940255661682,0.7431217456918728,0.04553663767729275,-0.18890795579983233,0.5814928110420022,0.4207650273224044,1.1794077772403628,0.740983606557377,0.20655737704918034,0.6734565164850951,0.049783443067809796,0.1511032696000532,0.34903593692112045,0.5234249215174105,0.625
5,XGBoost,0.5486338797814208,0.50080920433145,0.5808219178082191,0.7984934086629002,0.6724821570182395,0.4800200094161958,78,306,107,424,0.021585834080106118,0.02903918805588767,-0.06440274873461771,-0.012307104717606253,0.0004321951128076762,0.007441654335707426,0.4713396212341716,0.11100058941154245,0.1701616696953977,0.7107004751362903,0.04510628901964579,-0.21203714173962462,0.5234959710400544,0.46229508196721314,1.1611399133073161,0.7978142076502732,0.17704918032786884,0.7733415300128782,0.0425959692422585,0.21323550024552168,0.34903593692112045,0.5234249215174105,0.5
5,LightGBM,0.5256830601092897,0.49545374293785316,0.5771065182829889,0.6836158192090396,0.6258620689655172,0.46767106089139987,118,266,168,363,0.021922146426715212,0.02937193124021948,-0.0889352452549994,-0.05075252467770313,0.0003844516173705286,0.00734250779505207,0.2832783502022358,0.07034927698262772,0.1603337749658888,0.5091138730615422,0.02986497100311595,-0.18107254576205256,0.38851431997357405,0.39344262295081966,1.1235864183320587,0.687431693989071,0.22404371584699453,0.6861967404068621,0.012117738548592322,-0.18138836701642624,0.34903593692112045,0.5234249215174105,0.275
5,SVR,0.4907103825136612,0.4898334510357816,0.5704989154013015,0.4952919020715631,0.530241935483871,0.48747940207156304,186,198,268,263,0.03007461411734738,0.0403486348953245,-1.054919157041812,0.003926747457209485,-0.002452655970803121,0.02921214746300858,0.10385480374235678,0.02729863082164563,0.1454269575582164,0.2603666917708995,0.013423620797944713,-0.1553767939218873,0.1756931014767205,0.2819672131147541,1.069733364421559,0.5038251366120219,0.2994535519125683,0.564417201451139,-0.019310041595081148,-0.4964907894077684,0.34903593692112045,0.5234249215174105,0.2
20,MACD 12-26-9,0.5387978142076503,0.5328651093748433,0.6380368098159509,0.5601436265709157,0.5965583173996176,0.5328651093748433,181,177,245,312,0.042990899404319514,0.056590913305420106,-0.012993987332969859,0.033809966039991826,0.008646940731941005,0.00875957118318914,0.42741903608325105,0.10186100383743746,0.11474683935012003,0.9119070232840213,0.04918815286806464,-0.17791181053636862,0.572536491705339,0.307103825136612,1.2521811567100951,0.5344262295081967,0.06994535519125683,0.3515876795299508,0.06902329268529503,0.021435553791756927,0.34903593692112045,0.5234249215174105,0.8
20,XGBoost,0.5704918032786885,0.5344473085062637,0.6331168831168831,0.7001795332136446,0.6649616368286445,0.5708454108702847,132,226,167,390,0.044746508037354714,0.058431222894258006,-0.07994941367389896,0.013688453691611202,0.003686481388285756,0.015491938218474388,0.08964867992320857,0.023677960201342163,0.16413303593966022,0.2267129907984973,0.01293702429899624,-0.18107254576205212,0.13076504834950203,0.3825136612021858,1.0544674466503785,0.673224043715847,0.1377049180327869,0.7190277314951343,-0.03562503542062102,-0.6244474764433814,0.34903593692112045,0.5234249215174105,0.725
20,Random Forest,0.5442622950819672,0.5049196112453989,0.6121794871794872,0.6858168761220825,0.6469093988145639,0.48456415554195964,116,242,175,382,0.044292016962202085,0.057831390108308726,-0.05789051929979849,-0.10574990817720387,0.004756409592498055,0.006756238673048119,0.31498034149282317,0.0774927905720848,0.15370658499409817,0.5679131593520675,0.034135514763363996,-0.20733619440096185,0.37375428248781106,0.38579234972677595,1.1381181257006852,0.6819672131147541,0.11912568306010929,0.6306698110795111,0.023406352882051864,-0.11906560481081364,0.34903593692112045,0.5234249215174105,0.6
20,HMM Regime,0.507103825136612,0.4908653701493435,0.601145038167939,0.5655296229802513,0.5827937095282146,0.5003435202551578,149,209,242,315,0.04609336799375242,0.0592093479494048,-0.10890417467159774,-0.016476413710200644,0.010593149683484885,0.019034490750276037,0.8484825965802434,0.18229839180088492,0.11620873379896463,1.514779742248166,0.08602479729293555,-0.09429888901556172,1.9331976622842402,0.33989071038251367,1.431257278383099,0.5726775956284152,0.048087431693989074,0.36196063304099646,0.13936471956433752,0.48396583841214025,0.34903593692112045,0.5234249215174105,0.575
20,CatBoost,0.5606557377049181,0.5338530435393117,0.634315424610052,0.6570915619389587,0.6455026455026455,0.5352647362667121,147,211,191,366,0.04631469784754267,0.06037368359768668,-0.1529455847215624,-0.10584048799522168,0.003650638562552264,0.014548982889762365,0.29953530486226,0.07402834759352106,0.15482147489021894,0.5439394436127412,0.03064549637838627,-0.18107254576205245,0.40883253329194236,0.3639344262295082,1.140971568386174,0.6306010928961748,0.13224043715846995,0.6398309110472216,0.019399865681186314,-0.14706592427001947,0.34903593692112045,0.5234249215174105,0.55
20,LightGBM,0.5519125683060109,0.5311625527817618,0.6333938294010889,0.6265709156193896,0.6299638989169675,0.5554496855661314,156,202,208,349,0.0467683360032475,0.06128578114745888,-0.188045062274401,-0.01881640131279933,0.002526112074486223,0.020530769704977015,0.12687797107423204,0.03309515236471117,0.14762899921996422,0.2971300855598655,0.016202579097531058,-0.20923962949143515,0.1581686626245238,0.34207650273224044,1.0758484707600668,0.6021857923497268,0.14863387978142076,0.5816346351308278,-0.015053453191135612,-0.45866820928714774,0.34903593692112045,0.5234249215174105,0.5
20,SVR,0.507103825136612,0.5203053067610804,0.6305418719211823,0.45960502692998206,0.5316718587746625,0.5346980532180575,208,150,301,256,0.059607789580207925,0.07965345729085369,-1.0068860915401614,0.07427241596075587,-0.008770189993283705,0.05689201937405675,0.11769478159275115,0.030793531435580057,0.13431260600924338,0.29556148307413105,0.014762244918741979,-0.2686980020374009,0.11460275551767524,0.24699453551912567,1.0859853931775845,0.44371584699453553,0.25901639344262295,0.4813999108229521,-0.009067252459240371,-0.44188795901387734,0.34903593692112045,0.5234249215174105,0.4
20,SVC,0.4786885245901639,0.45754641284615305,0.5743494423791822,0.5547576301615799,0.5643835616438356,0.43750438803245645,129,229,248,309,0.05011525101334069,0.06355085958718498,-0.2774865020309154,-0.10524840084479145,0.008053846390407552,0.02593303278331472,0.5281288028239377,0.12252838793234266,0.14077658042906127,0.9002379569713923,0.05347812003316634,-0.18373372752032702,0.6668802162019326,0.3300546448087432,1.2482529346198479,0.5879781420765028,0.25245901639344265,0.529477770336449,0.0730973409277777,0.19166441863238998,0.34903593692112045,0.5234249215174105,0.35
60,MACD 12-26-9,0.4819672131147541,0.4658093394102227,0.6462167689161554,0.5121555915721232,0.5714285714285714,0.46580933941022273,125,173,301,316,0.06816701740166553,0.09227475245511575,-0.003579139888859162,0.019667180932487885,0.03127955446976309,0.007790224926693355,0.42741903608325105,0.10186100383743746,0.11474683935012003,0.9119070232840213,0.04918815286806464,-0.17791181053636862,0.572536491705339,0.307103825136612,1.2521811567100951,0.5344262295081967,0.06994535519125683,0.3515876795299508,0.06902329268529503,0.021435553791756927,0.34903593692112045,0.5234249215174105,0.7
60,HMM Regime,0.5431693989071038,0.43918940967878783,0.639943741209564,0.7374392220421394,0.6852409638554217,0.4047567250062546,42,256,162,455,0.07682208192778717,0.0997542333993495,-0.1728663299711657,-0.09112811283365051,0.031900543772571864,0.03196308815323232,0.5407971812941872,0.12505732829763572,0.14119197972631492,0.9145259228978577,0.057146180329694304,-0.12908270813805778,0.9688154990045855,0.4448087431693989,1.2088188278114735,0.7770491803278688,0.034972677595628415,0.5326442959147695,0.07516788238436808,0.21040296075119758,0.34903593692112045,0.5234249215174105,0.7
60,Random Forest,0.5530054644808743,0.5115437329359425,0.6824561403508772,0.6304700162074555,0.6554338668913227,0.4939140460987893,117,181,228,389,0.07660226477931831,0.10388766155838494,-0.2720781396455989,-0.11792787980533359,0.010712804064086787,0.03236317992908178,0.22504573326359512,0.05688584366862215,0.14762853041080803,0.45288958894367565,0.02576241464897476,-0.18107254576205234,0.31416051190541006,0.35300546448087433,1.114869787993996,0.6229508196721312,0.03715846994535519,0.5816539298076885,0.007938999579956425,-0.27504564533591735,0.34903593692112045,0.5234249215174105,0.65
60,LightGBM,0.47650273224043715,0.4730347100605876,0.6506550218340611,0.4829821717990275,0.5544186046511628,0.4903380722917777,138,160,319,298,0.07885229791721973,0.10363189014290329,-0.26582213769411545,-0.056221587767833446,0.005484397532925249,0.0397948243308137,0.4255241686903355,0.10146211730484289,0.13394376141756628,0.795961719600233,0.04645797194007258,-0.13842458274396918,0.7329775917945712,0.2863387978142076,1.231816513354784,0.5005464480874317,0.10273224043715846,0.47907760200903454,0.05808446659903391,0.03806090331954583,0.34903593692112045,0.5234249215174105,0.575
60,SVC,0.5486338797814208,0.5091697214275615,0.6808510638297872,0.6223662884927067,0.6502963590177815,0.4870014031958057,118,180,233,384,0.10054021044049158,0.12369801903099492,-0.8034800283954608,-0.07454306295687631,0.025844309444643283,0.0796916506759666,0.18433729169526636,0.04719493000315911,0.14681747239519968,0.3911716294159643,0.02225489981474135,-0.257789277912688,0.18307561270699474,0.34316939890710385,1.0994883383513279,0.6163934426229508,0.17486338797814208,0.575254706219901,-0.0008413659234967257,-0.34769041769068687,0.34903593692112045,0.5234249215174105,0.55
60,XGBoost,0.5169398907103825,0.4856689110547899,0.6635514018691588,0.5753646677471637,0.6163194444444444,0.4806435121229591,118,180,262,355,0.08054406012337662,0.10692478127335407,-0.3475428656840496,-0.1336271067283742,0.0059931096620857716,0.04054676368832588,0.3333364003691106,0.08157191580325351,0.14242067525285357,0.6277019718996553,0.03693531264111345,-0.1608517350530302,0.5071248735760332,0.3300546448087432,1.1667390911830624,0.5846994535519126,0.0546448087431694,0.5414545017253027,0.034549438603677776,-0.09079624189417762,0.34903593692112045,0.5234249215174105,0.5
60,CatBoost,0.4972677595628415,0.4788895173659078,0.657314629258517,0.5316045380875203,0.5878136200716846,0.48169862834890625,127,171,289,328,0.0791340584374202,0.10646329879205539,-0.3359360998399856,-0.15918835909398008,0.008975244696090652,0.03518005380683566,0.3605620356791641,0.08754748635184906,0.14000613856988373,0.6759345824143661,0.03708803142577833,-0.15074607829557585,0.5807612864076639,0.31693989071038253,1.1878689551969945,0.5453551912568306,0.11584699453551912,0.5232931368161383,0.04162640206838465,-0.049862321300882424,0.34903593692112045,0.5234249215174105,0.475
60,SVR,0.4819672131147541,0.4684117781427779,0.6480331262939959,0.5072933549432739,0.5690909090909091,0.4882577529287634,128,170,304,313,0.10559856439162939,0.13901146074830364,-1.2776503876582597,-0.003486071769107995,-0.01132820486589537,0.10282834609567856,0.12297505243700901,0.03211862100998997,0.13327467406142895,0.30675369711511563,0.01574932061550918,-0.26017296159751124,0.12345103354620539,0.28852459016393445,1.0844248334975046,0.5278688524590164,0.1901639344262295,0.4739818020944416,-0.007130946333661807,-0.430322075313843,0.34903593692112045,0.5234249215174105,0.35
